{"name":"Laporan Automation SF7","logo":null,"date":1768845369273,"dateH":"20/01/2026, 00.56.09","duration":45647,"durationH":"45.6s","timezone":-7,"timezoneOffset":0,"locale":null,"cwd":"D:/Dataon/Learning_Automation/Learn Playwright/Sunfish7","outputFile":"D:\\Dataon\\Learning_Automation\\Learn Playwright\\Sunfish7\\test-results\\report.html","outputDir":"D:\\Dataon\\Learning_Automation\\Learn Playwright\\Sunfish7\\test-results","metadata":{"actualWorkers":1},"system":{"cpu":{"color":"#117DBB","count":18,"model":"Intel(R) Core(TM) Ultra 5 125H","speed":2995},"mem":{"color":"#8B12AE","total":34046599168},"arch":"x64","platform":"win32","release":"10.0.26200","type":"Windows_NT","version":"Windows 11 Home Single Language","uptime":13717.062,"hostname":"Angga","pid":22872,"node":"24.12.0","v8":"13.6.233.17-node.37","timestampStart":1768845369273,"ticks":[{"cpu":{"percent":6.2},"mem":{"free":17528025088},"timestamp":1768845370288},{"cpu":{"percent":8.21},"mem":{"free":17451155456},"timestamp":1768845372313},{"cpu":{"percent":10.79},"mem":{"free":17425477632},"timestamp":1768845374339},{"cpu":{"percent":20.27},"mem":{"free":17311756288},"timestamp":1768845376366},{"cpu":{"percent":26.89},"mem":{"free":17078575104},"timestamp":1768845378401},{"cpu":{"percent":13.42},"mem":{"free":17057091584},"timestamp":1768845380426},{"cpu":{"percent":18.02},"mem":{"free":17012695040},"timestamp":1768845382456},{"cpu":{"percent":16.1},"mem":{"free":17461460992},"timestamp":1768845384476},{"cpu":{"percent":13.78},"mem":{"free":17435164672},"timestamp":1768845386485},{"cpu":{"percent":20.29},"mem":{"free":17273307136},"timestamp":1768845388502},{"cpu":{"percent":11.63},"mem":{"free":17267200000},"timestamp":1768845390533},{"cpu":{"percent":14.83},"mem":{"free":17329090560},"timestamp":1768845392550},{"cpu":{"percent":21.3},"mem":{"free":17430159360},"timestamp":1768845394565},{"cpu":{"percent":16.3},"mem":{"free":17334538240},"timestamp":1768845396588},{"cpu":{"percent":7.09},"mem":{"free":17341014016},"timestamp":1768845398617},{"cpu":{"percent":7.68},"mem":{"free":17347428352},"timestamp":1768845400644},{"cpu":{"percent":10.86},"mem":{"free":17380327424},"timestamp":1768845402668},{"cpu":{"percent":10.08},"mem":{"free":17362284544},"timestamp":1768845404712},{"cpu":{"percent":12.29},"mem":{"free":17365958656},"timestamp":1768845406735},{"cpu":{"percent":13.99},"mem":{"free":17353527296},"timestamp":1768845408765},{"cpu":{"percent":21.28},"mem":{"free":17301635072},"timestamp":1768845410792},{"cpu":{"percent":21.46},"mem":{"free":17176821760},"timestamp":1768845412814},{"cpu":{"percent":13.36},"mem":{"free":17698017280},"timestamp":1768845414832},{"cpu":{"percent":11.35},"mem":{"free":17698545664},"timestamp":1768845414920}],"workers":1,"jobs":[{"caseId":"b8e5f1e8fe30abf3a638","parallelIndex":0,"workerIndex":0,"timestamp":1768845369964,"duration":14006},{"caseId":"6c56ff1fe77e2ee26776","parallelIndex":0,"workerIndex":1,"timestamp":1768845384788,"duration":8847},{"caseId":"6c56ff1fe77e2ee26776","parallelIndex":0,"workerIndex":2,"timestamp":1768845394291,"duration":20463}],"cwd":"D:/Dataon/Learning_Automation/Learn Playwright/Sunfish7","configFile":"playwright.config.ts","playwright":"1.56.1","monocart":"2.9.23","testDir":"tests","outputFile":"test-results/report.html","outputDir":"test-results","timestampEnd":1768845414920},"artifacts":[],"trends":[],"columns":[{"id":"caseType","name":"","width":36,"sortable":false,"align":"center","formatter":"iconCaseType","detailed":false},{"id":"title","name":"Title","searchable":true,"width":350,"maxWidth":1230,"detailed":false},{"id":"type","name":"Type","width":50,"sortable":false,"align":"center","formatter":"iconType","detailed":false},{"id":"duration","name":"Duration","align":"right","sortAsc":false,"formatter":"duration","detailed":false},{"id":"errors","name":"Errors","width":60,"align":"center","comparer":"errors","formatter":"errors","detailed":false},{"id":"logs","name":"Logs","width":60,"align":"center","comparer":"logs","formatter":"logs","detailed":false},{"id":"annotations","name":"Annotations","width":100,"markdown":true,"searchable":true,"comparer":"annotations","formatter":"annotations","detailed":false},{"id":"attachments","name":"Attachments","width":100,"align":"center","formatter":"attachments","detailed":false},{"id":"status","name":"Status","align":"center","detailed":false},{"id":"expectedStatus","name":"Expected","align":"center","detailed":false},{"id":"outcome","name":"Outcome","align":"center","width":85,"detailed":false},{"id":"retry","name":"Retry","align":"center","width":50,"detailed":false},{"id":"location","name":"Location","classMap":"mcr-location","width":200,"maxWidth":1981,"detailed":false}],"rows":[{"id":"80437a44a661d1411742","title":"setup","type":"suite","suiteType":"project","caseNum":1,"subs":[{"id":"84e921b9dc68b403db31","title":"auth.setup.ts","type":"suite","suiteType":"file","caseNum":1,"subs":[{"id":"b8e5f1e8fe30abf3a638","title":"authenticate","type":"case","caseType":"passed","ok":true,"outcome":"expected","expectedStatus":"passed","location":"tests/auth.setup.ts:6:6","timestamps":[1768845369964,1768845383970],"duration":14006,"tags":[],"timeout":60000,"retry":0,"status":"passed","stepNum":18,"stepFailed":0,"stepSubs":true,"subs":[{"id":"6wopmsqos7rkhqi4ui6i","title":"Before Hooks","type":"step","stepType":"hook","startTime":"2026-01-19T17:56:09.962Z","annotations":[],"duration":201,"location":"","subs":[{"id":"yluyf4d2ui9lk2v2w4je","title":"Fixture \"browser\"","type":"step","stepType":"fixture","startTime":"2026-01-19T17:56:09.969Z","annotations":[],"duration":130,"location":"","subs":[{"id":"t6h7x49qhtzzvo2k0733","title":"Launch browser","type":"step","stepType":"pw:api","startTime":"2026-01-19T17:56:09.972Z","annotations":[],"duration":126,"location":""}]},{"id":"3l4z4wddobrdc9x2gxqj","title":"Fixture \"context\"","type":"step","stepType":"fixture","startTime":"2026-01-19T17:56:10.099Z","annotations":[],"duration":9,"location":"","subs":[{"id":"vj99f1d2wejl9lbftxgm","title":"Create context","type":"step","stepType":"pw:api","startTime":"2026-01-19T17:56:10.101Z","annotations":[],"duration":6,"location":""}]},{"id":"uwdv4k9lzvvi82r0k38k","title":"Fixture \"page\"","type":"step","stepType":"fixture","startTime":"2026-01-19T17:56:10.108Z","annotations":[],"duration":55,"location":"","subs":[{"id":"q03i0k1wwvx9zrpkcxwp","title":"Create page","type":"step","stepType":"pw:api","startTime":"2026-01-19T17:56:10.110Z","annotations":[],"duration":53,"location":""}]}]},{"id":"5gkc5i0e2wy0kgp60mxf","title":"Navigate to \"/\"","type":"step","stepType":"pw:api","startTime":"2026-01-19T17:56:10.165Z","annotations":[],"duration":7756,"location":"tests/auth.setup.ts:18:14"},{"id":"ny1wk8bxhruojyazmxko","title":"Fill \"gordon\" getByPlaceholder('User ID')","type":"step","stepType":"pw:api","startTime":"2026-01-19T17:56:17.925Z","annotations":[],"duration":2211,"location":"tests/auth.setup.ts:21:42"},{"id":"dupj4wf6wwn90sif7mr9","title":"Fill \"mjm5nuew\" getByLabel('Password')","type":"step","stepType":"pw:api","startTime":"2026-01-19T17:56:20.137Z","annotations":[],"duration":14,"location":"tests/auth.setup.ts:22:37"},{"id":"bc9yzr9tezajigxsunus","title":"Click getByRole('button', { name: 'Login' })","type":"step","stepType":"pw:api","startTime":"2026-01-19T17:56:20.153Z","annotations":[],"duration":44,"location":"tests/auth.setup.ts:24:53"},{"id":"x39t5iyn0uli2n2a44ti","title":"Wait for selector getByText('Gordon DEMO')","type":"step","stepType":"pw:api","startTime":"2026-01-19T17:56:20.198Z","annotations":[],"duration":3614,"location":"tests/auth.setup.ts:31:17"},{"id":"en5e8cauebssnl5wr3bh","title":"Expect \"toBeVisible\"","type":"step","stepType":"expect","startTime":"2026-01-19T17:56:23.813Z","annotations":[],"duration":9,"location":"tests/auth.setup.ts:32:25"},{"id":"kgs8jkmf82zm0hwidc2k","title":"Get storage state","type":"step","stepType":"pw:api","startTime":"2026-01-19T17:56:23.823Z","annotations":[],"duration":15,"location":"tests/auth.setup.ts:36:24"},{"id":"pbyjeyq8angbhrvwu3ya","title":"After Hooks","type":"step","stepType":"hook","startTime":"2026-01-19T17:56:23.842Z","annotations":[],"duration":126,"location":"","subs":[{"id":"dse9mfp14z9ygw0ob6ul","title":"Fixture \"page\"","type":"step","stepType":"fixture","startTime":"2026-01-19T17:56:23.941Z","annotations":[],"duration":0,"location":""},{"id":"gjtbqo4ilv9e8qm261p5","title":"Fixture \"context\"","type":"step","stepType":"fixture","startTime":"2026-01-19T17:56:23.942Z","annotations":[],"duration":23,"location":"","subs":[{"id":"qjqy9pj0j197rvg1tmw2","title":"Close context","type":"step","stepType":"pw:api","startTime":"2026-01-19T17:56:23.944Z","annotations":[],"duration":21,"location":""}]}]}],"attachments":[{"name":"screenshot","path":"attachments/65193b819f2eba2e40d18ed2ab220772e50a1f87.png","contentType":"image/png","retry":0,"fileName":"screenshot-65193b819f2eba2e40d18ed2ab220772e50a1f87.png"}]}],"location":"tests/auth.setup.ts:0:0"}]},{"id":"252c5186032776190fb4","title":"chromium","type":"suite","suiteType":"project","caseNum":1,"subs":[{"id":"f3fdff95a4477139af1e","title":"Training/trainingCalendar.spec.ts","type":"suite","suiteType":"file","caseNum":1,"subs":[{"id":"e285aa87fc41819898df","title":"Training Calendar","type":"suite","suiteType":"describe","caseNum":1,"subs":[{"id":"6c56ff1fe77e2ee26776","title":"Training Calendar","type":"case","caseType":"flaky","ok":true,"outcome":"flaky","expectedStatus":"passed","location":"tests/Training/trainingCalendar.spec.ts:13:9","timestamps":[1768845384788,1768845393635,1768845394291,1768845414754],"duration":29966,"tags":[],"timeout":60000,"retry":1,"status":"passed","stepNum":31,"stepFailed":1,"stepSubs":true,"subs":[{"id":"m9vx9nazcwy4ldp5ybm5","title":"Before Hooks","type":"step","stepType":"hook","startTime":"2026-01-19T17:56:24.790Z","annotations":[],"duration":3537,"location":"","subs":[{"id":"do1w4gyppqbedp2dwoax","title":"beforeEach hook","type":"step","stepType":"hook","startTime":"2026-01-19T17:56:24.791Z","annotations":[],"duration":3536,"location":"tests/Training/trainingCalendar.spec.ts:8:10","subs":[{"id":"lwkpnkc3a60hxbcj5gl8","title":"Fixture \"browser\"","type":"step","stepType":"fixture","startTime":"2026-01-19T17:56:24.801Z","annotations":[],"duration":108,"location":"","subs":[{"id":"jk7cxcrw8sm4p91r1vtm","title":"Launch browser","type":"step","stepType":"pw:api","startTime":"2026-01-19T17:56:24.814Z","annotations":[],"duration":95,"location":""}]},{"id":"n2v52z9z11gl0sr12y4b","title":"Fixture \"context\"","type":"step","stepType":"fixture","startTime":"2026-01-19T17:56:24.911Z","annotations":[],"duration":92,"location":"","subs":[{"id":"5zzdyrfjf7xov9mw6lwq","title":"Create context","type":"step","stepType":"pw:api","startTime":"2026-01-19T17:56:24.913Z","annotations":[],"duration":90,"location":""}]},{"id":"lfttsgsbsve8dniqzd24","title":"Fixture \"page\"","type":"step","stepType":"fixture","startTime":"2026-01-19T17:56:25.003Z","annotations":[],"duration":48,"location":"","subs":[{"id":"ebhpm1f39s8e89qxvpjr","title":"Create page","type":"step","stepType":"pw:api","startTime":"2026-01-19T17:56:25.005Z","annotations":[],"duration":46,"location":""}]},{"id":"alhy5uozab5jiwk6pm89","title":"Navigate to \"ent/hrm.training.my-calendar\"","type":"step","stepType":"pw:api","startTime":"2026-01-19T17:56:25.054Z","annotations":[],"duration":3273,"location":"pages/Training/trainingCalendar.ts:15:25"}]}]},{"id":"ncpvc4zgjhrgmstfgrju","title":"Expect \"toBeVisible\"","type":"step","stepType":"expect","startTime":"2026-01-19T17:56:28.329Z","annotations":[],"duration":5008,"location":"pages/Training/trainingCalendar.ts:19:33","errors":["Error: \u001b[2mexpect(\u001b[22m\u001b[31mlocator\u001b[39m\u001b[2m).\u001b[22mtoBeVisible\u001b[2m(\u001b[22m\u001b[2m)\u001b[22m failed\n\nLocator: getByRole('heading', { name: 'Gordon Enns' })\nExpected: visible\nTimeout: 5000ms\nError: element(s) not found\n\nCall log:\n\u001b[2m  - Expect \"toBeVisible\" with timeout 5000ms\u001b[22m\n\u001b[2m  - waiting for getByRole('heading', { name: 'Gordon Enns' })\u001b[22m\n\n\n\u001b[0m \u001b[90m 17 |\u001b[39m\n \u001b[90m 18 |\u001b[39m     \u001b[36masync\u001b[39m verifyname() {\n\u001b[31m\u001b[1m>\u001b[22m\u001b[39m\u001b[90m 19 |\u001b[39m         \u001b[36mawait\u001b[39m expect(\u001b[36mthis\u001b[39m\u001b[33m.\u001b[39mname)\u001b[33m.\u001b[39mtoBeVisible()\u001b[33m;\u001b[39m\n \u001b[90m    |\u001b[39m                                 \u001b[31m\u001b[1m^\u001b[22m\u001b[39m\u001b[0m\n\n    at TrainingCalendar.verifyname (D:\\Dataon\\Learning_Automation\\Learn Playwright\\Sunfish7\\pages\\Training\\trainingCalendar.ts:19:33)\n    at D:\\Dataon\\Learning_Automation\\Learn Playwright\\Sunfish7\\tests\\Training\\trainingCalendar.spec.ts:14:24"],"errorNum":1},{"id":"n68nwtlwyqm0scma1ryt","title":"After Hooks","type":"step","stepType":"hook","startTime":"2026-01-19T17:56:33.338Z","annotations":[],"duration":109,"location":"","subs":[{"id":"lo763i144v1ck4lvqdq9","title":"Fixture \"page\"","type":"step","stepType":"fixture","startTime":"2026-01-19T17:56:33.397Z","annotations":[],"duration":0,"location":""},{"id":"ql66wl8927wukx9vzgkx","title":"Fixture \"context\"","type":"step","stepType":"fixture","startTime":"2026-01-19T17:56:33.397Z","annotations":[],"duration":45,"location":"","subs":[{"id":"qd3i1x077qw2gyq9etu2","title":"Close context","type":"step","stepType":"pw:api","startTime":"2026-01-19T17:56:33.417Z","annotations":[],"duration":22,"location":""}]}]},{"id":"4xbx0xet52t44zx49n9o","title":"Worker Cleanup","type":"step","stepType":"hook","startTime":"2026-01-19T17:56:33.447Z","annotations":[],"duration":186,"location":"","subs":[{"id":"6h3hu8mrec8iyw3kal5k","title":"Fixture \"browser\"","type":"step","stepType":"fixture","startTime":"2026-01-19T17:56:33.449Z","annotations":[],"duration":183,"location":""}]},{"id":"3h2pf95m3ae590erw6w4","title":"Retry #1","type":"step","stepType":"retry","status":"retry","retry":1},{"id":"07jk36iyrjxbb4mj4gop","title":"Before Hooks","type":"step","stepType":"hook","startTime":"2026-01-19T17:56:34.295Z","annotations":[],"duration":17622,"location":"","subs":[{"id":"3ksg44rbbyyuj0r5fgcj","title":"beforeEach hook","type":"step","stepType":"hook","startTime":"2026-01-19T17:56:34.296Z","annotations":[],"duration":17620,"location":"tests/Training/trainingCalendar.spec.ts:8:10","subs":[{"id":"5szzr9g3001z8s245epa","title":"Fixture \"browser\"","type":"step","stepType":"fixture","startTime":"2026-01-19T17:56:34.309Z","annotations":[],"duration":134,"location":"","subs":[{"id":"zo03c2n2r8bmc764dxzx","title":"Launch browser","type":"step","stepType":"pw:api","startTime":"2026-01-19T17:56:34.335Z","annotations":[],"duration":108,"location":""}]},{"id":"ly22c5uht9th9ikftklk","title":"Fixture \"context\"","type":"step","stepType":"fixture","startTime":"2026-01-19T17:56:34.444Z","annotations":[],"duration":149,"location":"","subs":[{"id":"uzvsuojw06g49v96c4k9","title":"Create context","type":"step","stepType":"pw:api","startTime":"2026-01-19T17:56:34.447Z","annotations":[],"duration":143,"location":""}]},{"id":"6kbd9ulvw0hlyst2zyz7","title":"Fixture \"page\"","type":"step","stepType":"fixture","startTime":"2026-01-19T17:56:34.593Z","annotations":[],"duration":50,"location":"","subs":[{"id":"qh3rc6t0ntx7gyp1w46x","title":"Create page","type":"step","stepType":"pw:api","startTime":"2026-01-19T17:56:34.595Z","annotations":[],"duration":48,"location":""}]},{"id":"alrck2cesma6hrnkx8s0","title":"Navigate to \"ent/hrm.training.my-calendar\"","type":"step","stepType":"pw:api","startTime":"2026-01-19T17:56:34.646Z","annotations":[],"duration":17270,"location":"pages/Training/trainingCalendar.ts:15:25"}]}]},{"id":"z5elqrzmjcbcipdxbibc","title":"Expect \"toBeVisible\"","type":"step","stepType":"expect","startTime":"2026-01-19T17:56:51.920Z","annotations":[],"duration":2213,"location":"pages/Training/trainingCalendar.ts:19:33"},{"id":"rpwtvop1smvholzfwb2p","title":"Screenshot","type":"step","stepType":"pw:api","startTime":"2026-01-19T17:56:54.134Z","annotations":[],"duration":75,"location":"tests/Training/trainingCalendar.spec.ts:17:20"},{"id":"9uksk9qc9yz6mqo4luib","title":"After Hooks","type":"step","stepType":"hook","startTime":"2026-01-19T17:56:54.212Z","annotations":[],"duration":325,"location":"","subs":[{"id":"t8vjey15ioxng9qflajn","title":"Fixture \"page\"","type":"step","stepType":"fixture","startTime":"2026-01-19T17:56:54.264Z","annotations":[],"duration":0,"location":""},{"id":"31950z93ljgg1z2w3n8m","title":"Fixture \"context\"","type":"step","stepType":"fixture","startTime":"2026-01-19T17:56:54.264Z","annotations":[],"duration":270,"location":"","subs":[{"id":"khk1ekfv6mohztxrqgy2","title":"Close context","type":"step","stepType":"pw:api","startTime":"2026-01-19T17:56:54.509Z","annotations":[],"duration":25,"location":""}]}]}],"attachments":[{"name":"screenshot","path":"attachments/1497de46b9b11e17d618710246f9fe81da97568e.png","contentType":"image/png","retry":0,"fileName":"screenshot-1497de46b9b11e17d618710246f9fe81da97568e.png"},{"name":"video","path":"attachments/d0d9d1e6171cb93fa1c3aa783615b028c7cee4e3.webm","contentType":"video/webm","retry":0,"fileName":"video-d0d9d1e6171cb93fa1c3aa783615b028c7cee4e3.webm"},{"name":"error-context","path":"attachments/2a2234fc873b1a4c2230aeaa8e318fec6c06ce90.md","contentType":"text/markdown","retry":0,"link":true,"fileName":"error-context-2a2234fc873b1a4c2230aeaa8e318fec6c06ce90.md"},{"name":"screenshot","path":"attachments/a47f850b528f4e157dc626e26d886a80b1720edd.png","contentType":"image/png","retry":1,"fileName":"screenshot-a47f850b528f4e157dc626e26d886a80b1720edd.png"},{"name":"trace","path":"attachments/ad780211eb1a45fd260203fbfaa66725dbdbc16b.zip","contentType":"application/zip","retry":1,"fileName":"trace-ad780211eb1a45fd260203fbfaa66725dbdbc16b.zip"}],"errorNum":1,"errorId":"ncpvc4zgjhrgmstfgrju"}],"location":"tests/Training/trainingCalendar.spec.ts:4:6"}],"location":"tests/Training/trainingCalendar.spec.ts:0:0"}]}],"formatters":{},"suiteTypes":["project","file","describe","shard"],"caseTypes":["failed","flaky","skipped","passed"],"traceViewerUrl":"https://trace.playwright.dev/?trace={traceUrl}","mermaid":null,"groupOptions":null,"tags":{},"summary":{"tests":{"name":"Tests","value":2,"nav":true,"id":"tests"},"failed":{"name":"Failed","value":0,"color":"#d00","nav":true,"id":"failed","percent":"0.0%"},"flaky":{"name":"Flaky","value":1,"color":"orange","nav":true,"id":"flaky","percent":"50.0%"},"skipped":{"name":"Skipped","value":0,"color":"gray","nav":true,"id":"skipped","percent":"0.0%"},"passed":{"name":"Passed","value":1,"color":"green","nav":true,"id":"passed","percent":"50.0%"},"steps":{"name":"Steps","value":50,"id":"steps"},"suites":{"name":"Suites","value":2,"id":"suites"},"projects":{"name":"Projects","description":"Suite type is project","value":2,"id":"projects"},"files":{"name":"Files","description":"Suite type is file","value":2,"id":"files"},"describes":{"name":"Describes","description":"Suite type is describe","value":1,"id":"describes"},"shards":{"name":"Shards","description":"Suite type is shard (only in shading mode)","value":0,"id":"shards"},"errors":{"name":"Errors","icon":"error","value":1,"id":"errors"},"retries":{"name":"Retries","icon":"retry","value":1,"id":"retries"},"logs":{"name":"Logs","icon":"log","value":0,"id":"logs"},"attachments":{"name":"Attachments","icon":"attachment","value":6,"id":"attachments"},"artifacts":{"name":"Artifacts","value":0}},"pieChart":{"ns":"mcr-pie","width":360,"height":150,"margin":10,"svg":"<svg viewBox=\"0 0 360 150\" width=\"100%\" height=\"100%\" xmlns=\"http://www.w3.org/2000/svg\"><g class=\"mcr-pie-path-failed\"><path d=\"\" fill=\"#d00\" opacity=\"0.8\" /><animateTransform from=\"0,0\" to=\"0,0\" pos=\"0,-10\" attributeName=\"transform\" type=\"translate\" dur=\"0.2s\" fill=\"freeze\" repeatCount=\"1\" restart=\"always\" /></g><g class=\"mcr-pie-path-flaky\"><path d=\"M75,75 L75,10 A65,65 0 1 1 75,140 z\" fill=\"orange\" opacity=\"0.8\" /><animateTransform from=\"0,0\" to=\"0,0\" pos=\"10,0\" attributeName=\"transform\" type=\"translate\" dur=\"0.2s\" fill=\"freeze\" repeatCount=\"1\" restart=\"always\" /></g><g class=\"mcr-pie-path-skipped\"><path d=\"\" fill=\"gray\" opacity=\"0.8\" /><animateTransform from=\"0,0\" to=\"0,0\" pos=\"0,10\" attributeName=\"transform\" type=\"translate\" dur=\"0.2s\" fill=\"freeze\" repeatCount=\"1\" restart=\"always\" /></g><g class=\"mcr-pie-path-passed\"><path d=\"M75,75 L75,140 A65,65 0 1 1 75,10 z\" fill=\"green\" opacity=\"0.8\" /><animateTransform from=\"0,0\" to=\"0,0\" pos=\"-10,0\" attributeName=\"transform\" type=\"translate\" dur=\"0.2s\" fill=\"freeze\" repeatCount=\"1\" restart=\"always\" /></g><g font-size=\"14px\" font-family=\"Helvetica, Arial, sans-serif\" transform=\"translate(160 20)\"><g class=\"mcr-pie-legend-failed\" transform=\"translate(0 0)\"><circle cx=\"10\" cy=\"12\" r=\"8\" fill=\"#d00\" opacity=\"0.2\" /><text x=\"25\" y=\"12\" alignment-baseline=\"middle\">Failed</text><text x=\"125\" y=\"12\" alignment-baseline=\"middle\" text-anchor=\"end\">0</text><text x=\"190\" y=\"12\" alignment-baseline=\"middle\" text-anchor=\"end\">0.0%</text></g><g class=\"mcr-pie-legend-flaky\" transform=\"translate(0 24)\"><circle cx=\"10\" cy=\"12\" r=\"8\" fill=\"orange\" opacity=\"0.8\" /><text x=\"25\" y=\"12\" alignment-baseline=\"middle\">Flaky</text><text x=\"125\" y=\"12\" alignment-baseline=\"middle\" text-anchor=\"end\">1</text><text x=\"190\" y=\"12\" alignment-baseline=\"middle\" text-anchor=\"end\">50.0%</text></g><g class=\"mcr-pie-legend-skipped\" transform=\"translate(0 48)\"><circle cx=\"10\" cy=\"12\" r=\"8\" fill=\"gray\" opacity=\"0.2\" /><text x=\"25\" y=\"12\" alignment-baseline=\"middle\">Skipped</text><text x=\"125\" y=\"12\" alignment-baseline=\"middle\" text-anchor=\"end\">0</text><text x=\"190\" y=\"12\" alignment-baseline=\"middle\" text-anchor=\"end\">0.0%</text></g><g class=\"mcr-pie-legend-passed\" transform=\"translate(0 72)\"><circle cx=\"10\" cy=\"12\" r=\"8\" fill=\"green\" opacity=\"0.8\" /><text x=\"25\" y=\"12\" alignment-baseline=\"middle\">Passed</text><text x=\"125\" y=\"12\" alignment-baseline=\"middle\" text-anchor=\"end\">1</text><text x=\"190\" y=\"12\" alignment-baseline=\"middle\" text-anchor=\"end\">50.0%</text></g><g class=\"mcr-pie-legend-tests\" transform=\"translate(0 96)\"><text x=\"25\" y=\"12\" alignment-baseline=\"middle\">Total</text><text x=\"125\" y=\"12\" alignment-baseline=\"middle\" text-anchor=\"end\">2</text></g></g></svg>"},"htmlPath":"test-results/report.html"}
