{"name":"Laporan Automation SF7","logo":null,"date":1768184481924,"dateH":"12/01/2026, 09.21.21","duration":23558,"durationH":"23.6s","timezone":-7,"timezoneOffset":0,"locale":null,"cwd":"D:/Dataon/Learning_Automation/Learn Playwright/Sunfish7","outputFile":"D:\\Dataon\\Learning_Automation\\Learn Playwright\\Sunfish7\\test-results\\report.html","outputDir":"D:\\Dataon\\Learning_Automation\\Learn Playwright\\Sunfish7\\test-results","metadata":{"actualWorkers":1},"system":{"cpu":{"color":"#117DBB","count":18,"model":"Intel(R) Core(TM) Ultra 5 125H","speed":2995},"mem":{"color":"#8B12AE","total":34046599168},"arch":"x64","platform":"win32","release":"10.0.26200","type":"Windows_NT","version":"Windows 11 Home Single Language","uptime":4407.703,"hostname":"Angga","pid":21724,"node":"24.12.0","v8":"13.6.233.17-node.37","timestampStart":1768184481924,"ticks":[{"cpu":{"percent":40.4},"mem":{"free":18025996288},"timestamp":1768184482927},{"cpu":{"percent":30.84},"mem":{"free":17994059776},"timestamp":1768184484956},{"cpu":{"percent":25.68},"mem":{"free":17845661696},"timestamp":1768184486977},{"cpu":{"percent":14.37},"mem":{"free":17612984320},"timestamp":1768184488996},{"cpu":{"percent":25.87},"mem":{"free":17567969280},"timestamp":1768184491019},{"cpu":{"percent":28.45},"mem":{"free":17506349056},"timestamp":1768184493048},{"cpu":{"percent":48.43},"mem":{"free":18155569152},"timestamp":1768184495072},{"cpu":{"percent":34.06},"mem":{"free":18018623488},"timestamp":1768184497084},{"cpu":{"percent":24.24},"mem":{"free":17888595968},"timestamp":1768184499107},{"cpu":{"percent":15.61},"mem":{"free":17845448704},"timestamp":1768184501126},{"cpu":{"percent":16.55},"mem":{"free":17873993728},"timestamp":1768184503153},{"cpu":{"percent":31.32},"mem":{"free":18549522432},"timestamp":1768184505177},{"cpu":{"percent":19.64},"mem":{"free":18584530944},"timestamp":1768184505482}],"workers":1,"jobs":[{"caseId":"b8e5f1e8fe30abf3a638","parallelIndex":0,"workerIndex":0,"timestamp":1768184482911,"duration":11187},{"caseId":"6c56ff1fe77e2ee26776","parallelIndex":0,"workerIndex":1,"timestamp":1768184495302,"duration":10101}],"cwd":"D:/Dataon/Learning_Automation/Learn Playwright/Sunfish7","configFile":"playwright.config.ts","playwright":"1.56.1","monocart":"2.9.23","testDir":"tests","outputFile":"test-results/report.html","outputDir":"test-results","timestampEnd":1768184505482},"artifacts":[],"trends":[],"columns":[{"id":"caseType","name":"","width":36,"sortable":false,"align":"center","formatter":"iconCaseType","detailed":false},{"id":"title","name":"Title","searchable":true,"width":350,"maxWidth":1230,"detailed":false},{"id":"type","name":"Type","width":50,"sortable":false,"align":"center","formatter":"iconType","detailed":false},{"id":"duration","name":"Duration","align":"right","sortAsc":false,"formatter":"duration","detailed":false},{"id":"errors","name":"Errors","width":60,"align":"center","comparer":"errors","formatter":"errors","detailed":false},{"id":"logs","name":"Logs","width":60,"align":"center","comparer":"logs","formatter":"logs","detailed":false},{"id":"annotations","name":"Annotations","width":100,"markdown":true,"searchable":true,"comparer":"annotations","formatter":"annotations","detailed":false},{"id":"attachments","name":"Attachments","width":100,"align":"center","formatter":"attachments","detailed":false},{"id":"status","name":"Status","align":"center","detailed":false},{"id":"expectedStatus","name":"Expected","align":"center","detailed":false},{"id":"outcome","name":"Outcome","align":"center","width":85,"detailed":false},{"id":"retry","name":"Retry","align":"center","width":50,"detailed":false},{"id":"location","name":"Location","classMap":"mcr-location","width":200,"maxWidth":1981,"detailed":false}],"rows":[{"id":"80437a44a661d1411742","title":"setup","type":"suite","suiteType":"project","caseNum":1,"subs":[{"id":"84e921b9dc68b403db31","title":"auth.setup.ts","type":"suite","suiteType":"file","caseNum":1,"subs":[{"id":"b8e5f1e8fe30abf3a638","title":"authenticate","type":"case","caseType":"passed","ok":true,"outcome":"expected","expectedStatus":"passed","location":"tests/auth.setup.ts:6:6","timestamps":[1768184482911,1768184494098],"duration":11187,"tags":[],"timeout":60000,"retry":0,"status":"passed","stepNum":18,"stepFailed":0,"stepSubs":true,"subs":[{"id":"76i0p6mga2zsy4kjyx9v","title":"Before Hooks","type":"step","stepType":"hook","startTime":"2026-01-12T02:21:22.913Z","annotations":[],"duration":533,"location":"","subs":[{"id":"jq3s9z5qvuqrnjagsm1u","title":"Fixture \"browser\"","type":"step","stepType":"fixture","startTime":"2026-01-12T02:21:22.924Z","annotations":[],"duration":273,"location":"","subs":[{"id":"z66bdejgvjnhm6bx0ef3","title":"Launch browser","type":"step","stepType":"pw:api","startTime":"2026-01-12T02:21:22.929Z","annotations":[],"duration":268,"location":""}]},{"id":"s1xro762yhzz991u9udp","title":"Fixture \"context\"","type":"step","stepType":"fixture","startTime":"2026-01-12T02:21:23.199Z","annotations":[],"duration":22,"location":"","subs":[{"id":"j0gq7lpkqyw56djel91c","title":"Create context","type":"step","stepType":"pw:api","startTime":"2026-01-12T02:21:23.203Z","annotations":[],"duration":17,"location":""}]},{"id":"ev4izwwpwp795t5f83kf","title":"Fixture \"page\"","type":"step","stepType":"fixture","startTime":"2026-01-12T02:21:23.222Z","annotations":[],"duration":224,"location":"","subs":[{"id":"i0e6q7j10bu99oppnsv2","title":"Create page","type":"step","stepType":"pw:api","startTime":"2026-01-12T02:21:23.224Z","annotations":[],"duration":221,"location":""}]}]},{"id":"a0ggdvoufzh952ystb13","title":"Navigate to \"/\"","type":"step","stepType":"pw:api","startTime":"2026-01-12T02:21:23.451Z","annotations":[],"duration":3283,"location":"tests/auth.setup.ts:18:14"},{"id":"s53ovh78ppoy1dgjqgse","title":"Fill \"gordon\" getByPlaceholder('User ID')","type":"step","stepType":"pw:api","startTime":"2026-01-12T02:21:26.744Z","annotations":[],"duration":3176,"location":"tests/auth.setup.ts:21:42"},{"id":"tt5rqsqm2a3yfbgbi0aa","title":"Fill \"q0zgmti5\" getByLabel('Password')","type":"step","stepType":"pw:api","startTime":"2026-01-12T02:21:29.924Z","annotations":[],"duration":35,"location":"tests/auth.setup.ts:22:37"},{"id":"b0krqtk230r0petn7flt","title":"Click getByRole('button', { name: 'Login' })","type":"step","stepType":"pw:api","startTime":"2026-01-12T02:21:29.963Z","annotations":[],"duration":100,"location":"tests/auth.setup.ts:24:53"},{"id":"3o5s58nho6xqz3o7je36","title":"Wait for selector getByText('Gordon DEMO')","type":"step","stepType":"pw:api","startTime":"2026-01-12T02:21:30.065Z","annotations":[],"duration":3787,"location":"tests/auth.setup.ts:31:17"},{"id":"mr1qddrf6mkvgoq07euk","title":"Expect \"toBeVisible\"","type":"step","stepType":"expect","startTime":"2026-01-12T02:21:33.856Z","annotations":[],"duration":16,"location":"tests/auth.setup.ts:32:25"},{"id":"gjqm734mhgzk0j12px8p","title":"Get storage state","type":"step","stepType":"pw:api","startTime":"2026-01-12T02:21:33.875Z","annotations":[],"duration":16,"location":"tests/auth.setup.ts:36:24"},{"id":"syvs4oke0ngxmzu376ji","title":"After Hooks","type":"step","stepType":"hook","startTime":"2026-01-12T02:21:33.898Z","annotations":[],"duration":196,"location":"","subs":[{"id":"mml3rpyiravekxujt8fp","title":"Fixture \"page\"","type":"step","stepType":"fixture","startTime":"2026-01-12T02:21:34.008Z","annotations":[],"duration":0,"location":""},{"id":"apkt6n0g4vljq3we3bvk","title":"Fixture \"context\"","type":"step","stepType":"fixture","startTime":"2026-01-12T02:21:34.009Z","annotations":[],"duration":77,"location":"","subs":[{"id":"ry83hi6ev7yun926uzxo","title":"Close context","type":"step","stepType":"pw:api","startTime":"2026-01-12T02:21:34.019Z","annotations":[],"duration":66,"location":""}]}]}],"attachments":[{"name":"screenshot","path":"attachments/65193b819f2eba2e40d18ed2ab220772e50a1f87.png","contentType":"image/png","retry":0,"fileName":"screenshot-65193b819f2eba2e40d18ed2ab220772e50a1f87.png"}]}],"location":"tests/auth.setup.ts:0:0"}]},{"id":"252c5186032776190fb4","title":"chromium","type":"suite","suiteType":"project","caseNum":1,"subs":[{"id":"f3fdff95a4477139af1e","title":"Training/trainingCalendar.spec.ts","type":"suite","suiteType":"file","caseNum":1,"subs":[{"id":"e285aa87fc41819898df","title":"Training Calendar","type":"suite","suiteType":"describe","caseNum":1,"subs":[{"id":"6c56ff1fe77e2ee26776","title":"Training Calendar","type":"case","caseType":"failed","ok":false,"outcome":"unexpected","expectedStatus":"passed","location":"tests/Training/trainingCalendar.spec.ts:13:9","timestamps":[1768184495302,1768184505403],"duration":10101,"tags":[],"timeout":60000,"retry":0,"status":"failed","stepNum":16,"stepFailed":1,"stepSubs":true,"subs":[{"id":"fwr4bu5z019fqhwkay5q","title":"Before Hooks","type":"step","stepType":"hook","startTime":"2026-01-12T02:21:35.307Z","annotations":[],"duration":4416,"location":"","subs":[{"id":"nqx3e288e1dl61vul8db","title":"beforeEach hook","type":"step","stepType":"hook","startTime":"2026-01-12T02:21:35.308Z","annotations":[],"duration":4415,"location":"tests/Training/trainingCalendar.spec.ts:8:10","subs":[{"id":"acsu7ytrx9aba6ydtvy4","title":"Fixture \"browser\"","type":"step","stepType":"fixture","startTime":"2026-01-12T02:21:35.318Z","annotations":[],"duration":267,"location":"","subs":[{"id":"yswv2qoyqdf2m1swn5f8","title":"Launch browser","type":"step","stepType":"pw:api","startTime":"2026-01-12T02:21:35.325Z","annotations":[],"duration":259,"location":""}]},{"id":"gly6ew77pjk57zrngm2l","title":"Fixture \"context\"","type":"step","stepType":"fixture","startTime":"2026-01-12T02:21:35.588Z","annotations":[],"duration":337,"location":"","subs":[{"id":"pwfbnk0j4y19oel6f7ir","title":"Create context","type":"step","stepType":"pw:api","startTime":"2026-01-12T02:21:35.594Z","annotations":[],"duration":329,"location":""}]},{"id":"n4sp0kxxhnktt1sit07x","title":"Fixture \"page\"","type":"step","stepType":"fixture","startTime":"2026-01-12T02:21:35.927Z","annotations":[],"duration":153,"location":"","subs":[{"id":"65cczv15zld0xtmfquk2","title":"Create page","type":"step","stepType":"pw:api","startTime":"2026-01-12T02:21:35.937Z","annotations":[],"duration":143,"location":""}]},{"id":"n88c96c6byxqe4vsz4ma","title":"Navigate to \"ent/hrm.training.my-calendar\"","type":"step","stepType":"pw:api","startTime":"2026-01-12T02:21:36.088Z","annotations":[],"duration":3634,"location":"pages/Training/trainingCalendar.ts:15:25"}]}]},{"id":"ha8x6yalri1oib9twe2h","title":"Expect \"toBeVisible\"","type":"step","stepType":"expect","startTime":"2026-01-12T02:21:39.728Z","annotations":[],"duration":5015,"location":"pages/Training/trainingCalendar.ts:19:33","errors":["Error: \u001b[2mexpect(\u001b[22m\u001b[31mlocator\u001b[39m\u001b[2m).\u001b[22mtoBeVisible\u001b[2m(\u001b[22m\u001b[2m)\u001b[22m failed\n\nLocator: getByRole('heading', { name: 'Gordon Enns' })\nExpected: visible\nTimeout: 5000ms\nError: element(s) not found\n\nCall log:\n\u001b[2m  - Expect \"toBeVisible\" with timeout 5000ms\u001b[22m\n\u001b[2m  - waiting for getByRole('heading', { name: 'Gordon Enns' })\u001b[22m\n\n\n\u001b[0m \u001b[90m 17 |\u001b[39m\n \u001b[90m 18 |\u001b[39m     \u001b[36masync\u001b[39m verifyname() {\n\u001b[31m\u001b[1m>\u001b[22m\u001b[39m\u001b[90m 19 |\u001b[39m         \u001b[36mawait\u001b[39m expect(\u001b[36mthis\u001b[39m\u001b[33m.\u001b[39mname)\u001b[33m.\u001b[39mtoBeVisible()\u001b[33m;\u001b[39m\n \u001b[90m    |\u001b[39m                                 \u001b[31m\u001b[1m^\u001b[22m\u001b[39m\u001b[0m\n\n    at TrainingCalendar.verifyname (D:\\Dataon\\Learning_Automation\\Learn Playwright\\Sunfish7\\pages\\Training\\trainingCalendar.ts:19:33)\n    at D:\\Dataon\\Learning_Automation\\Learn Playwright\\Sunfish7\\tests\\Training\\trainingCalendar.spec.ts:14:24"],"errorNum":1},{"id":"6co97tx8d606nn9arflr","title":"After Hooks","type":"step","stepType":"hook","startTime":"2026-01-12T02:21:44.745Z","annotations":[],"duration":307,"location":"","subs":[{"id":"5la975cnwcq29bm3r4lv","title":"Fixture \"page\"","type":"step","stepType":"fixture","startTime":"2026-01-12T02:21:44.916Z","annotations":[],"duration":1,"location":""},{"id":"bobpcuzqgsnq2uua2bbo","title":"Fixture \"context\"","type":"step","stepType":"fixture","startTime":"2026-01-12T02:21:44.917Z","annotations":[],"duration":121,"location":"","subs":[{"id":"gsucx3mcr9jr9es04ajy","title":"Close context","type":"step","stepType":"pw:api","startTime":"2026-01-12T02:21:44.949Z","annotations":[],"duration":68,"location":""}]}]},{"id":"u2eblzg7mzj54z8awmuj","title":"Worker Cleanup","type":"step","stepType":"hook","startTime":"2026-01-12T02:21:45.053Z","annotations":[],"duration":347,"location":"","subs":[{"id":"cfs0ed8c4nx0lmeuc68i","title":"Fixture \"browser\"","type":"step","stepType":"fixture","startTime":"2026-01-12T02:21:45.054Z","annotations":[],"duration":344,"location":""}]}],"attachments":[{"name":"screenshot","path":"attachments/1497de46b9b11e17d618710246f9fe81da97568e.png","contentType":"image/png","retry":0,"fileName":"screenshot-1497de46b9b11e17d618710246f9fe81da97568e.png"},{"name":"video","path":"attachments/d0d9d1e6171cb93fa1c3aa783615b028c7cee4e3.webm","contentType":"video/webm","retry":0,"fileName":"video-d0d9d1e6171cb93fa1c3aa783615b028c7cee4e3.webm"},{"name":"error-context","path":"attachments/2a2234fc873b1a4c2230aeaa8e318fec6c06ce90.md","contentType":"text/markdown","retry":0,"link":true,"fileName":"error-context-2a2234fc873b1a4c2230aeaa8e318fec6c06ce90.md"}],"errorNum":1,"errorId":"ha8x6yalri1oib9twe2h"}],"location":"tests/Training/trainingCalendar.spec.ts:4:6"}],"location":"tests/Training/trainingCalendar.spec.ts:0:0"}]}],"formatters":{},"suiteTypes":["project","file","describe","shard"],"caseTypes":["failed","flaky","skipped","passed"],"traceViewerUrl":"https://trace.playwright.dev/?trace={traceUrl}","mermaid":null,"groupOptions":null,"tags":{},"summary":{"tests":{"name":"Tests","value":2,"nav":true,"id":"tests"},"failed":{"name":"Failed","value":1,"color":"#d00","nav":true,"id":"failed","percent":"50.0%"},"flaky":{"name":"Flaky","value":0,"color":"orange","nav":true,"id":"flaky","percent":"0.0%"},"skipped":{"name":"Skipped","value":0,"color":"gray","nav":true,"id":"skipped","percent":"0.0%"},"passed":{"name":"Passed","value":1,"color":"green","nav":true,"id":"passed","percent":"50.0%"},"steps":{"name":"Steps","value":34,"id":"steps"},"suites":{"name":"Suites","value":2,"id":"suites"},"projects":{"name":"Projects","description":"Suite type is project","value":2,"id":"projects"},"files":{"name":"Files","description":"Suite type is file","value":2,"id":"files"},"describes":{"name":"Describes","description":"Suite type is describe","value":1,"id":"describes"},"shards":{"name":"Shards","description":"Suite type is shard (only in shading mode)","value":0,"id":"shards"},"errors":{"name":"Errors","icon":"error","value":1,"id":"errors"},"retries":{"name":"Retries","icon":"retry","value":0,"id":"retries"},"logs":{"name":"Logs","icon":"log","value":0,"id":"logs"},"attachments":{"name":"Attachments","icon":"attachment","value":4,"id":"attachments"},"artifacts":{"name":"Artifacts","value":0}},"pieChart":{"ns":"mcr-pie","width":360,"height":150,"margin":10,"svg":"<svg viewBox=\"0 0 360 150\" width=\"100%\" height=\"100%\" xmlns=\"http://www.w3.org/2000/svg\"><g class=\"mcr-pie-path-failed\"><path d=\"M75,75 L75,10 A65,65 0 1 1 75,140 z\" fill=\"#d00\" opacity=\"0.8\" /><animateTransform from=\"0,0\" to=\"0,0\" pos=\"10,0\" attributeName=\"transform\" type=\"translate\" dur=\"0.2s\" fill=\"freeze\" repeatCount=\"1\" restart=\"always\" /></g><g class=\"mcr-pie-path-flaky\"><path d=\"\" fill=\"orange\" opacity=\"0.8\" /><animateTransform from=\"0,0\" to=\"0,0\" pos=\"0,10\" attributeName=\"transform\" type=\"translate\" dur=\"0.2s\" fill=\"freeze\" repeatCount=\"1\" restart=\"always\" /></g><g class=\"mcr-pie-path-skipped\"><path d=\"\" fill=\"gray\" opacity=\"0.8\" /><animateTransform from=\"0,0\" to=\"0,0\" pos=\"0,10\" attributeName=\"transform\" type=\"translate\" dur=\"0.2s\" fill=\"freeze\" repeatCount=\"1\" restart=\"always\" /></g><g class=\"mcr-pie-path-passed\"><path d=\"M75,75 L75,140 A65,65 0 1 1 75,10 z\" fill=\"green\" opacity=\"0.8\" /><animateTransform from=\"0,0\" to=\"0,0\" pos=\"-10,0\" attributeName=\"transform\" type=\"translate\" dur=\"0.2s\" fill=\"freeze\" repeatCount=\"1\" restart=\"always\" /></g><g font-size=\"14px\" font-family=\"Helvetica, Arial, sans-serif\" transform=\"translate(160 20)\"><g class=\"mcr-pie-legend-failed\" transform=\"translate(0 0)\"><circle cx=\"10\" cy=\"12\" r=\"8\" fill=\"#d00\" opacity=\"0.8\" /><text x=\"25\" y=\"12\" alignment-baseline=\"middle\">Failed</text><text x=\"125\" y=\"12\" alignment-baseline=\"middle\" text-anchor=\"end\">1</text><text x=\"190\" y=\"12\" alignment-baseline=\"middle\" text-anchor=\"end\">50.0%</text></g><g class=\"mcr-pie-legend-flaky\" transform=\"translate(0 24)\"><circle cx=\"10\" cy=\"12\" r=\"8\" fill=\"orange\" opacity=\"0.2\" /><text x=\"25\" y=\"12\" alignment-baseline=\"middle\">Flaky</text><text x=\"125\" y=\"12\" alignment-baseline=\"middle\" text-anchor=\"end\">0</text><text x=\"190\" y=\"12\" alignment-baseline=\"middle\" text-anchor=\"end\">0.0%</text></g><g class=\"mcr-pie-legend-skipped\" transform=\"translate(0 48)\"><circle cx=\"10\" cy=\"12\" r=\"8\" fill=\"gray\" opacity=\"0.2\" /><text x=\"25\" y=\"12\" alignment-baseline=\"middle\">Skipped</text><text x=\"125\" y=\"12\" alignment-baseline=\"middle\" text-anchor=\"end\">0</text><text x=\"190\" y=\"12\" alignment-baseline=\"middle\" text-anchor=\"end\">0.0%</text></g><g class=\"mcr-pie-legend-passed\" transform=\"translate(0 72)\"><circle cx=\"10\" cy=\"12\" r=\"8\" fill=\"green\" opacity=\"0.8\" /><text x=\"25\" y=\"12\" alignment-baseline=\"middle\">Passed</text><text x=\"125\" y=\"12\" alignment-baseline=\"middle\" text-anchor=\"end\">1</text><text x=\"190\" y=\"12\" alignment-baseline=\"middle\" text-anchor=\"end\">50.0%</text></g><g class=\"mcr-pie-legend-tests\" transform=\"translate(0 96)\"><text x=\"25\" y=\"12\" alignment-baseline=\"middle\">Total</text><text x=\"125\" y=\"12\" alignment-baseline=\"middle\" text-anchor=\"end\">2</text></g></g></svg>"},"htmlPath":"test-results/report.html"}
